value,metric,gen,run,enemy
92.58272016318507,max,0,0,2
6.902284955740482,mean,0,0,2
92.58272016318507,max,1,0,2
27.863941256935423,mean,1,0,2
92.58272016318507,max,2,0,2
52.858103188204566,mean,2,0,2
92.58272016318507,max,3,0,2
50.11052661473363,mean,3,0,2
92.77611947915372,max,4,0,2
54.73473467557112,mean,4,0,2
92.77611947915372,max,5,0,2
55.7345740354623,mean,5,0,2
92.77611947915372,max,6,0,2
56.92904283818283,mean,6,0,2
92.77611947915372,max,7,0,2
46.71055220400228,mean,7,0,2
92.77611947915372,max,8,0,2
66.25442889348294,mean,8,0,2
92.77611947915372,max,9,0,2
57.21290705709082,mean,9,0,2
92.77611947915372,max,10,0,2
57.03807241757973,mean,10,0,2
93.58936470590373,max,11,0,2
57.281725165015466,mean,11,0,2
93.58936470590373,max,12,0,2
62.021349804840646,mean,12,0,2
93.58936470590373,max,13,0,2
50.865493590381575,mean,13,0,2
93.58936470590373,max,14,0,2
63.977663714270854,mean,14,0,2
93.58936470590373,max,15,0,2
58.22313571433575,mean,15,0,2
93.58936470590373,max,16,0,2
55.647201292032896,mean,16,0,2
93.58936470590373,max,17,0,2
48.6573400329691,mean,17,0,2
93.58936470590373,max,18,0,2
57.395395328210164,mean,18,0,2
93.58936470590373,max,19,0,2
56.5686817319348,mean,19,0,2
93.58936470590373,max,20,0,2
53.149425997419286,mean,20,0,2
93.58936470590373,max,21,0,2
57.572543215625586,mean,21,0,2
93.58936470590373,max,22,0,2
62.027909153190954,mean,22,0,2
93.58936470590373,max,23,0,2
56.69242316141514,mean,23,0,2
93.58936470590373,max,24,0,2
55.796631379719514,mean,24,0,2
87.72700044143625,max,0,1,2
3.1411634741936267,mean,0,1,2
92.58272016318507,max,1,1,2
32.66552565853074,mean,1,1,2
92.58272016318507,max,2,1,2
51.47467436258812,mean,2,1,2
92.58272016318507,max,3,1,2
58.21860690616385,mean,3,1,2
92.58272016318507,max,4,1,2
53.041067841156874,mean,4,1,2
92.58272016318507,max,5,1,2
57.988159683665565,mean,5,1,2
92.58272016318507,max,6,1,2
51.097425726314256,mean,6,1,2
92.58272016318507,max,7,1,2
55.86447001673163,mean,7,1,2
93.12700044143625,max,8,1,2
52.216422236115996,mean,8,1,2
93.12700044143625,max,9,1,2
65.18644260102762,mean,9,1,2
93.12700044143625,max,10,1,2
62.592713432289166,mean,10,1,2
93.12700044143625,max,11,1,2
68.5636982506223,mean,11,1,2
93.12700044143625,max,12,1,2
55.46550641259802,mean,12,1,2
93.12700044143625,max,13,1,2
63.71520646068474,mean,13,1,2
93.12700044143625,max,14,1,2
58.58472268099363,mean,14,1,2
93.12700044143625,max,15,1,2
61.87127326457649,mean,15,1,2
93.12700044143625,max,16,1,2
59.65102897110225,mean,16,1,2
93.12700044143625,max,17,1,2
63.636730743985005,mean,17,1,2
93.12700044143625,max,18,1,2
58.5828965181274,mean,18,1,2
93.12700044143625,max,19,1,2
58.513532556970745,mean,19,1,2
93.12700044143625,max,20,1,2
59.94350982709473,mean,20,1,2
93.12700044143625,max,21,1,2
59.26948207796823,mean,21,1,2
93.12700044143625,max,22,1,2
67.94756751106742,mean,22,1,2
93.12700044143625,max,23,1,2
63.89662056682368,mean,23,1,2
93.12700044143625,max,24,1,2
62.502260269518914,mean,24,1,2
91.77237888630937,max,0,2,2
6.70445504233055,mean,0,2,2
92.36878821817864,max,1,2,2
30.091032229816502,mean,1,2,2
92.57237888630937,max,2,2,2
45.761351246305026,mean,2,2,2
92.84814186652393,max,3,2,2
50.361151728593406,mean,3,2,2
92.84814186652393,max,4,2,2
61.22785807971319,mean,4,2,2
92.84814186652393,max,5,2,2
61.430585275030836,mean,5,2,2
92.84814186652393,max,6,2,2
62.03960556534164,mean,6,2,2
92.84814186652393,max,7,2,2
56.51957295799171,mean,7,2,2
92.84814186652393,max,8,2,2
59.142970887678686,mean,8,2,2
92.84814186652393,max,9,2,2
52.84581089401459,mean,9,2,2
92.85766574803519,max,10,2,2
52.72636971878884,mean,10,2,2
92.85766574803519,max,11,2,2
54.20749323275363,mean,11,2,2
92.85766574803519,max,12,2,2
49.54810262035719,mean,12,2,2
92.85766574803519,max,13,2,2
59.77310550886136,mean,13,2,2
92.85766574803519,max,14,2,2
48.338119545660774,mean,14,2,2
92.85766574803519,max,15,2,2
51.15116952835463,mean,15,2,2
92.85766574803519,max,16,2,2
53.17944988284795,mean,16,2,2
92.85766574803519,max,17,2,2
54.322885608524,mean,17,2,2
92.92700044143626,max,18,2,2
55.52826843297007,mean,18,2,2
92.92700044143626,max,19,2,2
55.99863168550348,mean,19,2,2
92.92700044143626,max,20,2,2
51.82017258087323,mean,20,2,2
92.92700044143626,max,21,2,2
61.195060049133104,mean,21,2,2
92.92700044143626,max,22,2,2
58.48992764518201,mean,22,2,2
93.12700044143625,max,23,2,2
63.49535228305872,mean,23,2,2
93.12700044143625,max,24,2,2
60.78226599742677,mean,24,2,2
92.5001335721758,max,0,3,2
12.837517990965377,mean,0,3,2
92.5001335721758,max,1,3,2
39.05244318893486,mean,1,3,2
92.58272016318507,max,2,3,2
51.29118430472295,mean,2,3,2
92.58272016318507,max,3,3,2
62.00159260629797,mean,3,3,2
92.58272016318507,max,4,3,2
54.87810128929734,mean,4,3,2
92.58272016318507,max,5,3,2
56.978113057659286,mean,5,3,2
92.58272016318507,max,6,3,2
53.783179000940436,mean,6,3,2
92.58272016318507,max,7,3,2
55.306101771949365,mean,7,3,2
92.58272016318507,max,8,3,2
56.771581492088046,mean,8,3,2
92.58272016318507,max,9,3,2
59.66080793014494,mean,9,3,2
92.58272016318507,max,10,3,2
58.87601499044642,mean,10,3,2
92.77611947915372,max,11,3,2
63.73929229268188,mean,11,3,2
92.77611947915372,max,12,3,2
60.686219916114055,mean,12,3,2
92.77611947915372,max,13,3,2
62.71914733944948,mean,13,3,2
92.77611947915372,max,14,3,2
59.008989524677055,mean,14,3,2
92.92700044143626,max,15,3,2
65.36023554642239,mean,15,3,2
92.92700044143626,max,16,3,2
64.94881386333164,mean,16,3,2
93.02385026742617,max,17,3,2
61.43800257259397,mean,17,3,2
93.02385026742617,max,18,3,2
59.48245764279579,mean,18,3,2
93.02385026742617,max,19,3,2
61.905451321845185,mean,19,3,2
93.02385026742617,max,20,3,2
68.81345521313044,mean,20,3,2
93.02385026742617,max,21,3,2
58.98544000354948,mean,21,3,2
93.02385026742617,max,22,3,2
55.13654631617696,mean,22,3,2
93.02385026742617,max,23,3,2
61.7119267209189,mean,23,3,2
93.02385026742617,max,24,3,2
58.163250251200324,mean,24,3,2
92.52700044143626,max,0,4,2
8.456932998739665,mean,0,4,2
92.53109579777976,max,1,4,2
40.01710811684077,mean,1,4,2
92.53109579777976,max,2,4,2
49.450413889488864,mean,2,4,2
92.53109579777976,max,3,4,2
49.98381291165504,mean,3,4,2
92.53109579777976,max,4,4,2
57.93844980043822,mean,4,4,2
92.58272016318507,max,5,4,2
52.780638139379356,mean,5,4,2
92.58272016318507,max,6,4,2
62.665514713668706,mean,6,4,2
92.77065437104557,max,7,4,2
64.8906803605163,mean,7,4,2
92.77065437104557,max,8,4,2
63.13045253995031,mean,8,4,2
92.77065437104557,max,9,4,2
63.900614875953295,mean,9,4,2
92.77065437104557,max,10,4,2
61.036744954606625,mean,10,4,2
92.77065437104557,max,11,4,2
66.48310889626072,mean,11,4,2
92.77065437104557,max,12,4,2
59.935668344072646,mean,12,4,2
92.77065437104557,max,13,4,2
66.93442656527111,mean,13,4,2
92.77065437104557,max,14,4,2
60.2565141239335,mean,14,4,2
92.85766574803519,max,15,4,2
72.91811152967337,mean,15,4,2
92.85766574803519,max,16,4,2
64.24137401490586,mean,16,4,2
92.85766574803519,max,17,4,2
62.9824544103753,mean,17,4,2
92.85766574803519,max,18,4,2
56.335854760379405,mean,18,4,2
92.85766574803519,max,19,4,2
56.43593340409368,mean,19,4,2
92.85766574803519,max,20,4,2
64.4596850844977,mean,20,4,2
92.85766574803519,max,21,4,2
63.489226397851425,mean,21,4,2
92.85766574803519,max,22,4,2
66.43887644488211,mean,22,4,2
92.85766574803519,max,23,4,2
61.869970098486036,mean,23,4,2
92.85766574803519,max,24,4,2
54.64556975067311,mean,24,4,2
92.58272016318507,max,0,5,2
8.683874391717247,mean,0,5,2
92.58272016318507,max,1,5,2
29.51675840029473,mean,1,5,2
92.58272016318507,max,2,5,2
40.82613337732457,mean,2,5,2
92.58272016318507,max,3,5,2
56.05103959476684,mean,3,5,2
92.58272016318507,max,4,5,2
60.55914551454245,mean,4,5,2
92.58272016318507,max,5,5,2
60.305074060096516,mean,5,5,2
92.7124036647676,max,6,5,2
58.09976070848474,mean,6,5,2
92.7124036647676,max,7,5,2
67.47428908317298,mean,7,5,2
93.12700044143625,max,8,5,2
60.47372519623363,mean,8,5,2
93.12700044143625,max,9,5,2
55.91568696097,mean,9,5,2
93.12700044143625,max,10,5,2
59.22237938848854,mean,10,5,2
93.12700044143625,max,11,5,2
61.763577844024404,mean,11,5,2
93.12700044143625,max,12,5,2
55.27837662849649,mean,12,5,2
93.12700044143625,max,13,5,2
57.01542228905841,mean,13,5,2
93.12700044143625,max,14,5,2
55.544000214660535,mean,14,5,2
93.12700044143625,max,15,5,2
57.176277978130145,mean,15,5,2
93.12700044143625,max,16,5,2
64.9017795322203,mean,16,5,2
93.12700044143625,max,17,5,2
57.111657271861695,mean,17,5,2
93.12700044143625,max,18,5,2
56.82906024136359,mean,18,5,2
93.12700044143625,max,19,5,2
50.91182839424161,mean,19,5,2
93.12700044143625,max,20,5,2
56.99070475309317,mean,20,5,2
93.12700044143625,max,21,5,2
59.231501049738945,mean,21,5,2
93.12700044143625,max,22,5,2
61.29292681782333,mean,22,5,2
93.12700044143625,max,23,5,2
57.95399866207607,mean,23,5,2
93.12700044143625,max,24,5,2
61.5700110317801,mean,24,5,2
92.5001335721758,max,0,6,2
8.573134701571663,mean,0,6,2
92.58272016318507,max,1,6,2
33.42217999395562,mean,1,6,2
92.58272016318507,max,2,6,2
52.00911916370735,mean,2,6,2
92.58272016318507,max,3,6,2
44.865971524062566,mean,3,6,2
92.58272016318507,max,4,6,2
42.667289669369055,mean,4,6,2
92.77611947915372,max,5,6,2
52.19583693248633,mean,5,6,2
92.77611947915372,max,6,6,2
48.82017935745146,mean,6,6,2
92.77611947915372,max,7,6,2
47.46205385878087,mean,7,6,2
92.77611947915372,max,8,6,2
50.13015534948499,mean,8,6,2
92.77611947915372,max,9,6,2
54.80134118690823,mean,9,6,2
92.77611947915372,max,10,6,2
53.14276782792753,mean,10,6,2
92.77611947915372,max,11,6,2
53.860420805435965,mean,11,6,2
92.77611947915372,max,12,6,2
48.27599213363784,mean,12,6,2
92.77611947915372,max,13,6,2
53.87472155252331,mean,13,6,2
92.77611947915372,max,14,6,2
64.93135480223081,mean,14,6,2
93.35326262833368,max,15,6,2
56.54679920730433,mean,15,6,2
93.35326262833368,max,16,6,2
56.066072354351704,mean,16,6,2
93.35326262833368,max,17,6,2
53.407456394869065,mean,17,6,2
93.35326262833368,max,18,6,2
60.583781940067475,mean,18,6,2
93.35326262833368,max,19,6,2
63.48225072148657,mean,19,6,2
93.35326262833368,max,20,6,2
58.380731867491335,mean,20,6,2
93.35326262833368,max,21,6,2
63.26783281549016,mean,21,6,2
93.35326262833368,max,22,6,2
59.446804922905976,mean,22,6,2
93.35326262833368,max,23,6,2
62.117169374585636,mean,23,6,2
93.35326262833368,max,24,6,2
64.92921922919341,mean,24,6,2
91.77237888630937,max,0,7,2
9.558597416324636,mean,0,7,2
92.77065437104557,max,1,7,2
40.62708892726097,mean,1,7,2
92.79605369405454,max,2,7,2
58.40237594692161,mean,2,7,2
92.79605369405454,max,3,7,2
58.362666390323,mean,3,7,2
93.72700044143625,max,4,7,2
55.88666572792872,mean,4,7,2
93.72700044143625,max,5,7,2
63.723874994556176,mean,5,7,2
93.72700044143625,max,6,7,2
67.12455525833326,mean,6,7,2
93.72700044143625,max,7,7,2
66.10008197027723,mean,7,7,2
93.72700044143625,max,8,7,2
61.7931513377044,mean,8,7,2
93.72700044143625,max,9,7,2
63.38313476275455,mean,9,7,2
93.72700044143625,max,10,7,2
72.34734584952038,mean,10,7,2
93.72700044143625,max,11,7,2
58.379418833427955,mean,11,7,2
93.72700044143625,max,12,7,2
62.64543357958459,mean,12,7,2
93.72700044143625,max,13,7,2
63.841729248368594,mean,13,7,2
93.72700044143625,max,14,7,2
58.99278746822204,mean,14,7,2
93.72700044143625,max,15,7,2
65.552278492242,mean,15,7,2
93.72700044143625,max,16,7,2
70.4231021164072,mean,16,7,2
93.72700044143625,max,17,7,2
66.6627828626556,mean,17,7,2
93.72700044143625,max,18,7,2
60.56309409528286,mean,18,7,2
93.72700044143625,max,19,7,2
70.42917369505376,mean,19,7,2
93.72700044143625,max,20,7,2
69.10105990619077,mean,20,7,2
93.72700044143625,max,21,7,2
59.72136378558018,mean,21,7,2
93.72700044143625,max,22,7,2
72.28387587949165,mean,22,7,2
93.72700044143625,max,23,7,2
53.7824473911464,mean,23,7,2
93.72700044143625,max,24,7,2
70.36265418853328,mean,24,7,2
91.77237888630937,max,0,8,2
11.244455435804767,mean,0,8,2
92.58272016318507,max,1,8,2
39.55808433022672,mean,1,8,2
92.58272016318507,max,2,8,2
49.18399676945127,mean,2,8,2
92.71859563501553,max,3,8,2
54.53929404060069,mean,3,8,2
92.71859563501553,max,4,8,2
51.557366508252386,mean,4,8,2
92.71859563501553,max,5,8,2
51.5017778143385,mean,5,8,2
92.71859563501553,max,6,8,2
52.36037380155682,mean,6,8,2
92.71859563501553,max,7,8,2
49.148945319808725,mean,7,8,2
92.71859563501553,max,8,8,2
47.21840109006401,mean,8,8,2
92.71859563501553,max,9,8,2
62.808392098408554,mean,9,8,2
93.66246192029868,max,10,8,2
51.03077077097356,mean,10,8,2
93.66246192029868,max,11,8,2
49.39997918516774,mean,11,8,2
93.66246192029868,max,12,8,2
51.76518157664914,mean,12,8,2
93.66246192029868,max,13,8,2
47.02882551681268,mean,13,8,2
93.66246192029868,max,14,8,2
60.48369950031675,mean,14,8,2
93.66246192029868,max,15,8,2
56.83486927754285,mean,15,8,2
93.66246192029868,max,16,8,2
46.13239850092552,mean,16,8,2
93.66246192029868,max,17,8,2
48.37057580378431,mean,17,8,2
93.66246192029868,max,18,8,2
56.50024326547843,mean,18,8,2
93.66246192029868,max,19,8,2
55.374082578127215,mean,19,8,2
93.66246192029868,max,20,8,2
58.763156205184096,mean,20,8,2
93.66246192029868,max,21,8,2
49.847274182502,mean,21,8,2
93.66246192029868,max,22,8,2
52.480008211800694,mean,22,8,2
93.66246192029868,max,23,8,2
58.72989845075068,mean,23,8,2
93.66246192029868,max,24,8,2
61.19063014152776,mean,24,8,2
91.77237888630937,max,0,9,2
7.502334082313337,mean,0,9,2
92.52700044143626,max,1,9,2
36.18943409528552,mean,1,9,2
92.52700044143626,max,2,9,2
45.516198351250345,mean,2,9,2
92.52700044143626,max,3,9,2
48.33163840599846,mean,3,9,2
92.7124036647676,max,4,9,2
46.58654454444813,mean,4,9,2
92.7124036647676,max,5,9,2
50.39768750782188,mean,5,9,2
92.7124036647676,max,6,9,2
40.673644944950176,mean,6,9,2
92.7124036647676,max,7,9,2
53.078658077217916,mean,7,9,2
92.71859563501553,max,8,9,2
50.79266620549006,mean,8,9,2
92.71859563501553,max,9,9,2
54.1085752552514,mean,9,9,2
92.71859563501553,max,10,9,2
48.89480741888487,mean,10,9,2
92.71859563501553,max,11,9,2
53.51113510015265,mean,11,9,2
92.71859563501553,max,12,9,2
49.57732324605951,mean,12,9,2
92.71859563501553,max,13,9,2
46.795761959111644,mean,13,9,2
92.71859563501553,max,14,9,2
55.05375850650213,mean,14,9,2
92.71859563501553,max,15,9,2
53.985096224257155,mean,15,9,2
92.71859563501553,max,16,9,2
51.263618026275985,mean,16,9,2
92.77611947915372,max,17,9,2
49.887988463303955,mean,17,9,2
92.77611947915372,max,18,9,2
54.804083621251856,mean,18,9,2
92.77611947915372,max,19,9,2
55.31574500016152,mean,19,9,2
92.77611947915372,max,20,9,2
60.65975852468196,mean,20,9,2
92.77611947915372,max,21,9,2
55.712794666161244,mean,21,9,2
92.77611947915372,max,22,9,2
63.15709826427466,mean,22,9,2
93.12700044143625,max,23,9,2
61.29853222077449,mean,23,9,2
93.12700044143625,max,24,9,2
62.96623132192376,mean,24,9,2
66.57946500072771,max,0,0,7
3.3884840425509157,mean,0,0,7
91.3387078342906,max,1,0,7
20.20222858021106,mean,1,0,7
91.3387078342906,max,2,0,7
34.731441885530415,mean,2,0,7
91.3387078342906,max,3,0,7
39.86376558114234,mean,3,0,7
92.39921377653415,max,4,0,7
42.79283161696333,mean,4,0,7
92.39921377653415,max,5,0,7
42.89783654880672,mean,5,0,7
92.39921377653415,max,6,0,7
44.980148113874115,mean,6,0,7
92.39921377653415,max,7,0,7
42.12621461025288,mean,7,0,7
92.39921377653415,max,8,0,7
38.78405702780588,mean,8,0,7
92.39921377653415,max,9,0,7
43.09784860657808,mean,9,0,7
92.39921377653415,max,10,0,7
43.07387086285959,mean,10,0,7
92.39921377653415,max,11,0,7
44.19282814786715,mean,11,0,7
92.39921377653415,max,12,0,7
42.8535732690454,mean,12,0,7
92.39921377653415,max,13,0,7
48.5847771449983,mean,13,0,7
92.39921377653415,max,14,0,7
40.866740609053,mean,14,0,7
92.39921377653415,max,15,0,7
47.65681713944093,mean,15,0,7
92.39921377653415,max,16,0,7
42.06223272247804,mean,16,0,7
92.39921377653415,max,17,0,7
44.4643726388992,mean,17,0,7
92.39921377653415,max,18,0,7
46.25218134875333,mean,18,0,7
92.39921377653415,max,19,0,7
51.47525975910146,mean,19,0,7
92.39921377653415,max,20,0,7
47.89242863928046,mean,20,0,7
92.39921377653415,max,21,0,7
47.07254014908234,mean,21,0,7
92.39921377653415,max,22,0,7
41.680741712645755,mean,22,0,7
92.39921377653415,max,23,0,7
47.47478934957657,mean,23,0,7
92.39921377653415,max,24,0,7
49.30225425362321,mean,24,0,7
86.6666105112725,max,0,1,7
5.661034438935965,mean,0,1,7
86.6666105112725,max,1,1,7
30.408983757562606,mean,1,1,7
86.9638995977956,max,2,1,7
43.39001696537991,mean,2,1,7
89.90353644806852,max,3,1,7
37.1128010915693,mean,3,1,7
89.90353644806852,max,4,1,7
45.34726749054346,mean,4,1,7
90.25520306650938,max,5,1,7
43.71330147516761,mean,5,1,7
90.74389959779562,max,6,1,7
42.903002614556684,mean,6,1,7
90.74389959779562,max,7,1,7
52.32793547767935,mean,7,1,7
90.74389959779562,max,8,1,7
46.07824290520424,mean,8,1,7
91.13833644349737,max,9,1,7
53.88368008233506,mean,9,1,7
91.13833644349737,max,10,1,7
44.72809670061107,mean,10,1,7
91.13833644349737,max,11,1,7
48.25989298182786,mean,11,1,7
91.13833644349737,max,12,1,7
47.43764792762137,mean,12,1,7
91.13833644349737,max,13,1,7
53.966464149317616,mean,13,1,7
91.13833644349737,max,14,1,7
52.096329424502706,mean,14,1,7
91.51402398497817,max,15,1,7
54.363982976058026,mean,15,1,7
91.51402398497817,max,16,1,7
48.265491165543466,mean,16,1,7
91.51402398497817,max,17,1,7
50.08497863009733,mean,17,1,7
92.36341372532802,max,18,1,7
49.671363559196294,mean,18,1,7
93.07605369405455,max,19,1,7
46.71059496179338,mean,19,1,7
93.07605369405455,max,20,1,7
45.132157782913694,mean,20,1,7
93.07605369405455,max,21,1,7
61.75161092795763,mean,21,1,7
93.07605369405455,max,22,1,7
62.352104770205834,mean,22,1,7
93.07605369405455,max,23,1,7
60.89169050932804,mean,23,1,7
93.07605369405455,max,24,1,7
60.69027760573229,mean,24,1,7
75.28297229859378,max,0,2,7
9.793425284623224,mean,0,2,7
75.32324619773172,max,1,2,7
23.66827635397522,mean,1,2,7
75.32324619773172,max,2,2,7
36.75348397813308,mean,2,2,7
75.63402398497814,max,3,2,7
39.095623100733945,mean,3,2,7
75.63402398497814,max,4,2,7
44.52483059088333,mean,4,2,7
75.63402398497814,max,5,2,7
38.306498462037965,mean,5,2,7
75.63402398497814,max,6,2,7
29.991423199104247,mean,6,2,7
75.63402398497814,max,7,2,7
41.18362364726589,mean,7,2,7
75.64341372532799,max,8,2,7
45.67238836897695,mean,8,2,7
75.64341372532799,max,9,2,7
38.29666944732582,mean,9,2,7
75.64341372532799,max,10,2,7
42.64507481888985,mean,10,2,7
75.64341372532799,max,11,2,7
41.075509370612565,mean,11,2,7
75.64341372532799,max,12,2,7
45.09877344097617,mean,12,2,7
75.64341372532799,max,13,2,7
40.299908247527625,mean,13,2,7
75.64341372532799,max,14,2,7
41.86027575579362,mean,14,2,7
75.64341372532799,max,15,2,7
48.33351925653466,mean,15,2,7
75.64341372532799,max,16,2,7
42.36306540906317,mean,16,2,7
75.64341372532799,max,17,2,7
45.059602500394746,mean,17,2,7
75.65289246928253,max,18,2,7
38.837947408536685,mean,18,2,7
88.1038995977956,max,19,2,7
46.58015506193041,mean,19,2,7
91.52814186652395,max,20,2,7
43.85210605475131,mean,20,2,7
91.52814186652395,max,21,2,7
52.28518332731396,mean,21,2,7
91.52814186652395,max,22,2,7
45.96820533261589,mean,22,2,7
93.01605369405456,max,23,2,7
52.75322047427559,mean,23,2,7
93.01605369405456,max,24,2,7
51.91615759325018,mean,24,2,7
75.29621752534379,max,0,3,7
5.664711353611926,mean,0,3,7
84.9835364480685,max,1,3,7
22.648783250363856,mean,1,3,7
84.9835364480685,max,2,3,7
27.875504949076106,mean,2,3,7
85.27968822339261,max,3,3,7
39.91618321453811,mean,3,3,7
89.16192069107683,max,4,3,7
34.573046596731125,mean,4,3,7
89.16192069107683,max,5,3,7
46.15167362133278,mean,5,3,7
90.55504998251863,max,6,3,7
48.464037927624766,mean,6,3,7
90.62389959779561,max,7,3,7
47.97826920415665,mean,7,3,7
90.62389959779561,max,8,3,7
46.13326521955,mean,8,3,7
90.62389959779561,max,9,3,7
41.179145187118976,mean,9,3,7
91.58814186652396,max,10,3,7
43.564508636971645,mean,10,3,7
91.58814186652396,max,11,3,7
44.59229318132169,mean,11,3,7
91.58814186652396,max,12,3,7
50.53569741921576,mean,12,3,7
91.59289246928256,max,13,3,7
47.65069989064412,mean,13,3,7
91.82341372532801,max,14,3,7
51.17869261456923,mean,14,3,7
91.82341372532801,max,15,3,7
47.90521829478443,mean,15,3,7
91.82341372532801,max,16,3,7
43.51720330684437,mean,16,3,7
91.82341372532801,max,17,3,7
41.54571759232866,mean,17,3,7
91.82341372532801,max,18,3,7
45.61619808337797,mean,18,3,7
91.82341372532801,max,19,3,7
54.663129376413366,mean,19,3,7
91.82341372532801,max,20,3,7
50.35602248408386,mean,20,3,7
91.82341372532801,max,21,3,7
48.51239680492099,mean,21,3,7
91.82341372532801,max,22,3,7
54.117682885955226,mean,22,3,7
91.82341372532801,max,23,3,7
47.49819401730685,mean,23,3,7
91.82341372532801,max,24,3,7
55.158714478541725,mean,24,3,7
66.6917323025988,max,0,4,7
7.545576979235531,mean,0,4,7
66.6917323025988,max,1,4,7
23.298256536268003,mean,1,4,7
74.76951855242152,max,2,4,7
27.36950665302324,mean,2,4,7
74.94556065373062,max,3,4,7
34.734919733928756,mean,3,4,7
75.28957298262513,max,4,4,7
42.96023423141857,mean,4,4,7
75.28957298262513,max,5,4,7
38.30251676250526,mean,5,4,7
75.87603602059674,max,6,4,7
41.0781054224015,mean,6,4,7
75.87603602059674,max,7,4,7
41.603757137657986,mean,7,4,7
93.01605369405456,max,8,4,7
36.39069704578664,mean,8,4,7
93.01605369405456,max,9,4,7
38.13907990376599,mean,9,4,7
93.01605369405456,max,10,4,7
42.24502838200451,mean,10,4,7
93.01605369405456,max,11,4,7
36.910271008414156,mean,11,4,7
93.01605369405456,max,12,4,7
44.83033046784083,mean,12,4,7
93.01605369405456,max,13,4,7
46.010092849881005,mean,13,4,7
93.01605369405456,max,14,4,7
45.358224956318885,mean,14,4,7
93.01605369405456,max,15,4,7
47.20667303400915,mean,15,4,7
93.01605369405456,max,16,4,7
38.15912022024627,mean,16,4,7
93.01605369405456,max,17,4,7
43.138060850397665,mean,17,4,7
93.01605369405456,max,18,4,7
39.85458622531404,mean,18,4,7
93.01605369405456,max,19,4,7
42.862527243564905,mean,19,4,7
93.01605369405456,max,20,4,7
38.18113072293213,mean,20,4,7
93.01605369405456,max,21,4,7
40.294803705001314,mean,21,4,7
93.01605369405456,max,22,4,7
43.694105206450985,mean,22,4,7
93.01605369405456,max,23,4,7
43.47161255557287,mean,23,4,7
93.01605369405456,max,24,4,7
42.95673059328001,mean,24,4,7
66.9001335721758,max,0,5,7
10.992420191873254,mean,0,5,7
88.31858578874555,max,1,5,7
27.990462578180647,mean,1,5,7
88.31858578874555,max,2,5,7
42.040364791753625,mean,2,5,7
88.31858578874555,max,3,5,7
42.1051013539452,mean,3,5,7
88.31858578874555,max,4,5,7
43.16626327302953,mean,4,5,7
88.68364909070209,max,5,5,7
47.408100237241634,mean,5,5,7
91.33645558296865,max,6,5,7
50.433140007125644,mean,6,5,7
91.55833644349737,max,7,5,7
45.576002772765065,mean,7,5,7
91.55833644349737,max,8,5,7
45.608638122255456,mean,8,5,7
91.59425332628683,max,9,5,7
44.0383384665227,mean,9,5,7
91.59425332628683,max,10,5,7
46.476847109232295,mean,10,5,7
91.59425332628683,max,11,5,7
48.71614728651571,mean,11,5,7
91.59425332628683,max,12,5,7
42.58580925776456,mean,12,5,7
91.59679627126204,max,13,5,7
51.213123729003115,mean,13,5,7
91.59679627126204,max,14,5,7
52.24410103640593,mean,14,5,7
91.59679627126204,max,15,5,7
48.631483368519966,mean,15,5,7
91.65173296930548,max,16,5,7
55.76275092096072,mean,16,5,7
91.65173296930548,max,17,5,7
46.740910810922934,mean,17,5,7
91.65679627126204,max,18,5,7
49.20209591258235,mean,18,5,7
91.65679627126204,max,19,5,7
47.733810203064984,mean,19,5,7
91.65679627126204,max,20,5,7
45.294232184393834,mean,20,5,7
91.65679627126204,max,21,5,7
48.22365245814272,mean,21,5,7
91.65679627126204,max,22,5,7
51.65671920743424,mean,22,5,7
91.71425332628682,max,23,5,7
45.7420927517999,mean,23,5,7
91.71425332628682,max,24,5,7
45.85251936636035,mean,24,5,7
90.74389959779562,max,0,6,7
8.32229692178685,mean,0,6,7
90.91946500072774,max,1,6,7
26.22361531099763,mean,1,6,7
90.91946500072774,max,2,6,7
35.36703971104316,mean,2,6,7
91.59289246928256,max,3,6,7
39.797313620120555,mean,3,6,7
91.59289246928256,max,4,6,7
47.31627187809725,mean,4,6,7
91.59289246928256,max,5,6,7
40.97261735109201,mean,5,6,7
91.59289246928256,max,6,6,7
45.711706200539716,mean,6,6,7
91.59289246928256,max,7,6,7
42.19751321146829,mean,7,6,7
91.59289246928256,max,8,6,7
43.35691131468596,mean,8,6,7
91.59289246928256,max,9,6,7
41.94188821398139,mean,9,6,7
91.59425332628683,max,10,6,7
46.76309821067025,mean,10,6,7
91.59425332628683,max,11,6,7
45.05420966105237,mean,11,6,7
91.59425332628683,max,12,6,7
41.15567712347697,mean,12,6,7
91.59425332628683,max,13,6,7
42.16709145168518,mean,13,6,7
91.59425332628683,max,14,6,7
38.3013329881806,mean,14,6,7
91.59425332628683,max,15,6,7
44.19416205385991,mean,15,6,7
91.65425332628682,max,16,6,7
42.05273342165577,mean,16,6,7
91.65425332628682,max,17,6,7
54.50920998285688,mean,17,6,7
91.65425332628682,max,18,6,7
54.447796629196795,mean,18,6,7
91.71425332628682,max,19,6,7
54.892621159094205,mean,19,6,7
91.71425332628682,max,20,6,7
53.08993372477554,mean,20,6,7
91.71425332628682,max,21,6,7
46.95350795086923,mean,21,6,7
91.71425332628682,max,22,6,7
51.994482870801555,mean,22,6,7
91.71425332628682,max,23,6,7
60.44412407546441,mean,23,6,7
91.71425332628682,max,24,6,7
58.449732281406725,mean,24,6,7
66.5446788846423,max,0,7,7
6.109769055122161,mean,0,7,7
84.40288884003682,max,1,7,7
29.980591951135434,mean,1,7,7
86.2438995977956,max,2,7,7
35.46871121100655,mean,2,7,7
91.33402398497817,max,3,7,7
38.149968167239756,mean,3,7,7
91.33402398497817,max,4,7,7
44.17471465568557,mean,4,7,7
91.33402398497817,max,5,7,7
43.61940154708385,mean,5,7,7
91.33402398497817,max,6,7,7
45.21554961005005,mean,6,7,7
91.33402398497817,max,7,7,7
46.896617507658874,mean,7,7,7
91.3987078342906,max,8,7,7
46.88194467218394,mean,8,7,7
91.3987078342906,max,9,7,7
46.31500515706095,mean,9,7,7
91.52341372532801,max,10,7,7
45.84808889965547,mean,10,7,7
91.52341372532801,max,11,7,7
45.71045549876028,mean,11,7,7
91.52341372532801,max,12,7,7
50.89717713153644,mean,12,7,7
91.52341372532801,max,13,7,7
50.215900197042615,mean,13,7,7
91.52341372532801,max,14,7,7
47.72983311345941,mean,14,7,7
91.59289246928256,max,15,7,7
46.77795398958791,mean,15,7,7
91.64341372532802,max,16,7,7
47.177292578935734,mean,16,7,7
91.64341372532802,max,17,7,7
41.05346521059826,mean,17,7,7
91.64341372532802,max,18,7,7
44.11694038815898,mean,18,7,7
91.64341372532802,max,19,7,7
47.972436267461525,mean,19,7,7
91.64341372532802,max,20,7,7
40.718579597229805,mean,20,7,7
91.64341372532802,max,21,7,7
53.16955911051319,mean,21,7,7
91.64341372532802,max,22,7,7
42.19413025987914,mean,22,7,7
91.64341372532802,max,23,7,7
47.19282676823557,mean,23,7,7
91.64341372532802,max,24,7,7
49.42878970496199,mean,24,7,7
66.63402398497814,max,0,8,7
8.840454361804865,mean,0,8,7
89.00772932632856,max,1,8,7
28.095559169715052,mean,1,8,7
90.19520306650938,max,2,8,7
36.22603789549939,mean,2,8,7
90.19520306650938,max,3,8,7
33.12543962443983,mean,3,8,7
90.19520306650938,max,4,8,7
37.722270763719635,mean,4,8,7
90.19520306650938,max,5,8,7
33.064118713421855,mean,5,8,7
90.19520306650938,max,6,8,7
43.61720776185932,mean,6,8,7
91.38936197187238,max,7,8,7
39.641357712654745,mean,7,8,7
91.38936197187238,max,8,8,7
40.62979603053749,mean,8,8,7
91.38936197187238,max,9,8,7
40.90255419187329,mean,9,8,7
91.38936197187238,max,10,8,7
37.52475020813409,mean,10,8,7
91.38936197187238,max,11,8,7
44.187090466055864,mean,11,8,7
91.38936197187238,max,12,8,7
48.74412570256135,mean,12,8,7
91.38936197187238,max,13,8,7
48.26167174175238,mean,13,8,7
91.38936197187238,max,14,8,7
50.17145360417291,mean,14,8,7
91.38936197187238,max,15,8,7
45.84747296822011,mean,15,8,7
91.38936197187238,max,16,8,7
47.376367244391034,mean,16,8,7
91.38936197187238,max,17,8,7
53.229639592453225,mean,17,8,7
91.63402398497817,max,18,8,7
46.171956774990264,mean,18,8,7
91.63402398497817,max,19,8,7
51.656154842178125,mean,19,8,7
91.63402398497817,max,20,8,7
53.19828657591288,mean,20,8,7
91.63402398497817,max,21,8,7
53.874941335799356,mean,21,8,7
91.63402398497817,max,22,8,7
49.792374816449374,mean,22,8,7
91.63402398497817,max,23,8,7
48.26072614048375,mean,23,8,7
91.63402398497817,max,24,8,7
53.61812336306265,mean,24,8,7
74.79342407327508,max,0,9,7
7.407485077249347,mean,0,9,7
84.9835364480685,max,1,9,7
27.201788908396804,mean,1,9,7
86.5674273611744,max,2,9,7
33.33392276981571,mean,2,9,7
89.48353644806852,max,3,9,7
45.47743448753422,mean,3,9,7
92.88936470590376,max,4,9,7
41.14228135210905,mean,4,9,7
92.88936470590376,max,5,9,7
42.846163066465046,mean,5,9,7
92.88936470590376,max,6,9,7
47.23973737192376,mean,6,9,7
92.88936470590376,max,7,9,7
45.39672641061293,mean,7,9,7
92.88936470590376,max,8,9,7
44.90027324045701,mean,8,9,7
92.88936470590376,max,9,9,7
42.57371213670281,mean,9,9,7
92.88936470590376,max,10,9,7
46.65423386832211,mean,10,9,7
92.88936470590376,max,11,9,7
46.866470336532245,mean,11,9,7
92.88936470590376,max,12,9,7
41.57158298594706,mean,12,9,7
92.88936470590376,max,13,9,7
43.66322817848894,mean,13,9,7
92.88936470590376,max,14,9,7
44.76410549344278,mean,14,9,7
92.88936470590376,max,15,9,7
50.195941615856185,mean,15,9,7
92.88936470590376,max,16,9,7
48.11852131063776,mean,16,9,7
92.88936470590376,max,17,9,7
44.73266672284179,mean,17,9,7
92.88936470590376,max,18,9,7
47.8656497713459,mean,18,9,7
92.88936470590376,max,19,9,7
46.0045754731248,mean,19,9,7
92.88936470590376,max,20,9,7
51.494111481855526,mean,20,9,7
92.88936470590376,max,21,9,7
48.98532280734428,mean,21,9,7
92.88936470590376,max,22,9,7
54.820909670079686,mean,22,9,7
92.88936470590376,max,23,9,7
51.45642723659327,mean,23,9,7
92.88936470590376,max,24,9,7
49.36848779845126,mean,24,9,7
86.33574420258549,max,0,0,8
2.729677149092127,mean,0,0,8
90.02628484395723,max,1,0,8
17.63389627260632,mean,1,0,8
92.23935834262662,max,2,0,8
29.99724303505421,mean,2,0,8
92.23935834262662,max,3,0,8
33.49583543039639,mean,3,0,8
92.23935834262662,max,4,0,8
39.067647154385085,mean,4,0,8
92.23935834262662,max,5,0,8
39.71723666494307,mean,5,0,8
92.23935834262662,max,6,0,8
49.5769017865801,mean,6,0,8
92.23935834262662,max,7,0,8
47.44139561700581,mean,7,0,8
92.23935834262662,max,8,0,8
50.08543343153279,mean,8,0,8
92.23935834262662,max,9,0,8
41.77372796762252,mean,9,0,8
92.23935834262662,max,10,0,8
47.26020986041316,mean,10,0,8
92.23935834262662,max,11,0,8
45.84451508558144,mean,11,0,8
92.23935834262662,max,12,0,8
33.73762840817688,mean,12,0,8
92.23935834262662,max,13,0,8
41.538888315697285,mean,13,0,8
92.42660195700337,max,14,0,8
46.334738328886324,mean,14,0,8
92.42660195700337,max,15,0,8
47.32110516247627,mean,15,0,8
92.42660195700337,max,16,0,8
50.41644763885233,mean,16,0,8
92.42660195700337,max,17,0,8
47.216353648436616,mean,17,0,8
92.42660195700337,max,18,0,8
40.07471061466424,mean,18,0,8
92.42660195700337,max,19,0,8
44.72231082164129,mean,19,0,8
92.81959913428287,max,20,0,8
50.50918205868899,mean,20,0,8
92.81959913428287,max,21,0,8
38.703922844757166,mean,21,0,8
92.81959913428287,max,22,0,8
48.74142309301353,mean,22,0,8
92.81959913428287,max,23,0,8
49.47096532301336,mean,23,0,8
92.81959913428287,max,24,0,8
38.11136339744248,mean,24,0,8
89.68087680441825,max,0,1,8
5.266732765890197,mean,0,1,8
89.68087680441825,max,1,1,8
18.40148801862117,mean,1,1,8
89.68087680441825,max,2,1,8
34.820446555550085,mean,2,1,8
91.34234767677738,max,3,1,8
35.731578195876835,mean,3,1,8
91.87357331188758,max,4,1,8
39.416133558931676,mean,4,1,8
91.87357331188758,max,5,1,8
45.35450116930057,mean,5,1,8
91.87357331188758,max,6,1,8
36.438212273611654,mean,6,1,8
91.87357331188758,max,7,1,8
42.976344176822316,mean,7,1,8
91.87357331188758,max,8,1,8
46.7692299962901,mean,8,1,8
91.87357331188758,max,9,1,8
43.669834953662686,mean,9,1,8
91.87357331188758,max,10,1,8
51.44568317458737,mean,10,1,8
91.87357331188758,max,11,1,8
43.0156969350492,mean,11,1,8
91.97598249381268,max,12,1,8
35.72307307402825,mean,12,1,8
91.97598249381268,max,13,1,8
38.3318368895243,mean,13,1,8
91.97598249381268,max,14,1,8
38.06993943348125,mean,14,1,8
91.97598249381268,max,15,1,8
38.50453876322605,mean,15,1,8
91.97598249381268,max,16,1,8
43.38675147115948,mean,16,1,8
92.05052820481507,max,17,1,8
39.70602242443764,mean,17,1,8
92.61425332628681,max,18,1,8
40.114724450188035,mean,18,1,8
92.61425332628681,max,19,1,8
40.97770708463346,mean,19,1,8
92.61425332628681,max,20,1,8
33.79184350993752,mean,20,1,8
92.61425332628681,max,21,1,8
42.72959709805556,mean,21,1,8
92.61425332628681,max,22,1,8
45.049190677178096,mean,22,1,8
92.61425332628681,max,23,1,8
41.142459403295085,mean,23,1,8
92.61425332628681,max,24,1,8
38.2247791331509,mean,24,1,8
87.3510735224665,max,0,2,8
1.06955186861512,mean,0,2,8
88.87428018061446,max,1,2,8
16.591502885083884,mean,1,2,8
90.0009046115081,max,2,2,8
28.204601495910726,mean,2,2,8
91.39818398259392,max,3,2,8
24.81398050279137,mean,3,2,8
92.4266105112725,max,4,2,8
31.700731568845452,mean,4,2,8
92.4266105112725,max,5,2,8
45.76412502711483,mean,5,2,8
92.4266105112725,max,6,2,8
41.31513055689529,mean,6,2,8
92.4266105112725,max,7,2,8
40.662179167370276,mean,7,2,8
92.60661051127249,max,8,2,8
46.08280778319628,mean,8,2,8
92.60661051127249,max,9,2,8
37.347564222140186,mean,9,2,8
92.60661051127249,max,10,2,8
31.445348680919757,mean,10,2,8
92.60661051127249,max,11,2,8
48.10060293980122,mean,11,2,8
92.70283177470681,max,12,2,8
39.50641016353755,mean,12,2,8
92.70283177470681,max,13,2,8
41.59115368029087,mean,13,2,8
92.70283177470681,max,14,2,8
37.84272019477859,mean,14,2,8
92.70283177470681,max,15,2,8
32.576652977255236,mean,15,2,8
92.70283177470681,max,16,2,8
43.30343341205736,mean,16,2,8
92.70283177470681,max,17,2,8
46.92540429624977,mean,17,2,8
92.70283177470681,max,18,2,8
43.48591607542726,mean,18,2,8
92.70283177470681,max,19,2,8
40.952822200769354,mean,19,2,8
92.70283177470681,max,20,2,8
44.39454836214011,mean,20,2,8
92.70283177470681,max,21,2,8
45.02885341127368,mean,21,2,8
92.70283177470681,max,22,2,8
46.9225862619039,mean,22,2,8
92.70283177470681,max,23,2,8
45.5968510540104,mean,23,2,8
92.70283177470681,max,24,2,8
42.114420715016735,mean,24,2,8
86.65385326087633,max,0,3,8
0.7556201052671746,mean,0,3,8
86.74510580438043,max,1,3,8
30.004459415297262,mean,1,3,8
91.82234767677737,max,2,3,8
37.66099087042114,mean,2,3,8
91.82234767677737,max,3,3,8
41.77764467253713,mean,3,3,8
91.82234767677737,max,4,3,8
44.57457067596436,mean,4,3,8
91.82234767677737,max,5,3,8
41.896301767462695,mean,5,3,8
91.82234767677737,max,6,3,8
42.86465181235647,mean,6,3,8
91.96521039683077,max,7,3,8
41.43329573728965,mean,7,3,8
91.96521039683077,max,8,3,8
45.326654166966726,mean,8,3,8
91.96521039683077,max,9,3,8
46.446483644430444,mean,9,3,8
91.96521039683077,max,10,3,8
54.36642984557192,mean,10,3,8
91.96521039683077,max,11,3,8
54.746043701926766,mean,11,3,8
91.96521039683077,max,12,3,8
60.16649748766321,mean,12,3,8
91.96521039683077,max,13,3,8
57.32054570589867,mean,13,3,8
91.96521039683077,max,14,3,8
60.30702508874832,mean,14,3,8
91.96521039683077,max,15,3,8
56.471602678507,mean,15,3,8
91.96521039683077,max,16,3,8
59.254326768129346,mean,16,3,8
91.96521039683077,max,17,3,8
53.830475885736384,mean,17,3,8
91.96521039683077,max,18,3,8
50.5508693810699,mean,18,3,8
91.96521039683077,max,19,3,8
55.00415205047815,mean,19,3,8
91.96521039683077,max,20,3,8
54.15450359186365,mean,20,3,8
91.96521039683077,max,21,3,8
49.847050649719414,mean,21,3,8
91.96521039683077,max,22,3,8
51.770976768843326,mean,22,3,8
91.96521039683077,max,23,3,8
42.75913429823931,mean,23,3,8
91.96521039683077,max,24,3,8
48.063378166885386,mean,24,3,8
86.12628484395722,max,0,4,8
2.562385517479921,mean,0,4,8
86.67196501081938,max,1,4,8
24.40642615738741,mean,1,4,8
91.63357331188759,max,2,4,8
35.60099550282879,mean,2,4,8
91.63357331188759,max,3,4,8
35.96748826179875,mean,3,4,8
91.63357331188759,max,4,4,8
41.65903009111649,mean,4,4,8
92.15598249381267,max,5,4,8
42.41011488447095,mean,5,4,8
92.15598249381267,max,6,4,8
43.58132053736031,mean,6,4,8
92.15598249381267,max,7,4,8
41.405229264056544,mean,7,4,8
92.15598249381267,max,8,4,8
48.79993967033421,mean,8,4,8
92.15598249381267,max,9,4,8
48.956093037112865,mean,9,4,8
92.15598249381267,max,10,4,8
46.90417444385921,mean,10,4,8
92.15598249381267,max,11,4,8
35.951820530329805,mean,11,4,8
92.15598249381267,max,12,4,8
44.42356778895072,mean,12,4,8
92.15598249381267,max,13,4,8
55.42522939774314,mean,13,4,8
92.15598249381267,max,14,4,8
52.44264191788241,mean,14,4,8
92.15598249381267,max,15,4,8
49.880746593890066,mean,15,4,8
92.15598249381267,max,16,4,8
55.55712408338362,mean,16,4,8
92.34693855665947,max,17,4,8
43.34865026362997,mean,17,4,8
92.34693855665947,max,18,4,8
46.98026095715757,mean,18,4,8
92.34693855665947,max,19,4,8
52.70978135406858,mean,19,4,8
92.34693855665947,max,20,4,8
50.73830250202868,mean,20,4,8
92.34693855665947,max,21,4,8
46.52923449185404,mean,21,4,8
92.34693855665947,max,22,4,8
50.65314600568184,mean,22,4,8
92.96389959779559,max,23,4,8
53.0546229156884,mean,23,4,8
92.96389959779559,max,24,4,8
49.23485226652445,mean,24,4,8
88.79297711225777,max,0,5,8
6.698038567412215,mean,0,5,8
90.53968104797997,max,1,5,8
21.844225678853793,mean,1,5,8
90.80660195700338,max,2,5,8
32.320387062005494,mean,2,5,8
90.80660195700338,max,3,5,8
26.599649115138952,mean,3,5,8
90.80660195700338,max,4,5,8
40.777335484118936,mean,4,5,8
90.80660195700338,max,5,5,8
34.32753780459619,mean,5,5,8
91.8266105112725,max,6,5,8
35.9080229205395,mean,6,5,8
91.8266105112725,max,7,5,8
42.6947481525168,mean,7,5,8
91.8266105112725,max,8,5,8
42.29078979270798,mean,8,5,8
91.8266105112725,max,9,5,8
37.318963310046804,mean,9,5,8
92.54772932632855,max,10,5,8
44.277933065388964,mean,10,5,8
92.54772932632855,max,11,5,8
43.90838662886232,mean,11,5,8
92.54772932632855,max,12,5,8
50.10331123015314,mean,12,5,8
92.54772932632855,max,13,5,8
49.886007243791944,mean,13,5,8
92.54772932632855,max,14,5,8
44.37063903819548,mean,14,5,8
92.54772932632855,max,15,5,8
38.39088950031323,mean,15,5,8
92.54772932632855,max,16,5,8
44.95406975613599,mean,16,5,8
93.45289246928255,max,17,5,8
45.09270047624903,mean,17,5,8
93.45289246928255,max,18,5,8
49.618878761102906,mean,18,5,8
93.45289246928255,max,19,5,8
38.53928271171825,mean,19,5,8
93.45289246928255,max,20,5,8
43.05851015491014,mean,20,5,8
93.45289246928255,max,21,5,8
51.02719701721408,mean,21,5,8
93.45289246928255,max,22,5,8
44.37648015303942,mean,22,5,8
93.45289246928255,max,23,5,8
39.73468598501333,mean,23,5,8
93.45289246928255,max,24,5,8
45.46690025690454,mean,24,5,8
86.12628484395722,max,0,6,8
3.5314710871843498,mean,0,6,8
86.33574420258549,max,1,6,8
17.625053351011474,mean,1,6,8
90.56660195700339,max,2,6,8
33.89911269245796,mean,2,6,8
91.63357331188759,max,3,6,8
41.67330599464293,mean,3,6,8
91.63357331188759,max,4,6,8
41.075674362458415,mean,4,6,8
92.03959913428288,max,5,6,8
46.337914402809965,mean,5,6,8
92.03959913428288,max,6,6,8
44.937441080884824,mean,6,6,8
92.68254710353531,max,7,6,8
44.43333683311375,mean,7,6,8
92.68254710353531,max,8,6,8
48.1942618590662,mean,8,6,8
92.68254710353531,max,9,6,8
47.26438328613137,mean,9,6,8
92.68254710353531,max,10,6,8
52.30609538067006,mean,10,6,8
92.68254710353531,max,11,6,8
54.621956726394615,mean,11,6,8
92.68254710353531,max,12,6,8
55.23378175426405,mean,12,6,8
92.68254710353531,max,13,6,8
46.244990191149455,mean,13,6,8
92.68254710353531,max,14,6,8
45.20903344635182,mean,14,6,8
92.68254710353531,max,15,6,8
53.17573973447052,mean,15,6,8
92.7238995977956,max,16,6,8
44.731200993830626,mean,16,6,8
92.7238995977956,max,17,6,8
40.34474799292521,mean,17,6,8
92.7238995977956,max,18,6,8
46.218410778976704,mean,18,6,8
92.7238995977956,max,19,6,8
39.89480486837787,mean,19,6,8
92.7238995977956,max,20,6,8
48.03283597372317,mean,20,6,8
93.09679627126202,max,21,6,8
42.29100341547351,mean,21,6,8
93.09679627126202,max,22,6,8
39.19019137396523,mean,22,6,8
93.09679627126202,max,23,6,8
36.63730120566336,mean,23,6,8
93.09679627126202,max,24,6,8
51.16240501690258,mean,24,6,8
87.77297711225776,max,0,7,8
1.2349161720437656,mean,0,7,8
87.77297711225776,max,1,7,8
32.54403562991849,mean,1,7,8
87.77297711225776,max,2,7,8
34.38540098843588,mean,2,7,8
91.01075241723566,max,3,7,8
38.09139753012868,mean,3,7,8
91.8266105112725,max,4,7,8
43.06938384624725,mean,4,7,8
91.8266105112725,max,5,7,8
47.74669363719299,mean,5,7,8
91.8266105112725,max,6,7,8
43.690951205070434,mean,6,7,8
91.8266105112725,max,7,7,8
42.85650453120817,mean,7,7,8
91.8266105112725,max,8,7,8
43.012236272276525,mean,8,7,8
91.8266105112725,max,9,7,8
43.58281323710131,mean,9,7,8
91.8266105112725,max,10,7,8
43.491248595690976,mean,10,7,8
91.8266105112725,max,11,7,8
38.043937594165534,mean,11,7,8
93.33425332628681,max,12,7,8
45.06156493907289,mean,12,7,8
93.33425332628681,max,13,7,8
49.48798247031617,mean,13,7,8
93.33425332628681,max,14,7,8
36.34923071918909,mean,14,7,8
93.33425332628681,max,15,7,8
41.80807352026257,mean,15,7,8
93.33425332628681,max,16,7,8
43.53852071336674,mean,16,7,8
93.33425332628681,max,17,7,8
39.92424797186459,mean,17,7,8
93.33425332628681,max,18,7,8
41.48065644050497,mean,18,7,8
93.33425332628681,max,19,7,8
43.16058851609482,mean,19,7,8
93.33425332628681,max,20,7,8
42.09082708804509,mean,20,7,8
93.33425332628681,max,21,7,8
42.19132326402863,mean,21,7,8
93.33425332628681,max,22,7,8
43.705678642122784,mean,22,7,8
93.33425332628681,max,23,7,8
50.017414048405776,mean,23,7,8
93.33425332628681,max,24,7,8
46.86311874439046,mean,24,7,8
86.14106343805335,max,0,8,8
2.8155197454007412,mean,0,8,8
92.25616819497442,max,1,8,8
20.431614120010252,mean,1,8,8
92.25616819497442,max,2,8,8
32.12196367989767,mean,2,8,8
92.25616819497442,max,3,8,8
40.33966806124135,mean,3,8,8
92.25616819497442,max,4,8,8
36.67666383492055,mean,4,8,8
92.25616819497442,max,5,8,8
35.013812662197125,mean,5,8,8
92.25616819497442,max,6,8,8
32.96117061369992,mean,6,8,8
92.25616819497442,max,7,8,8
41.87710935624552,mean,7,8,8
92.25616819497442,max,8,8,8
45.883816117598705,mean,8,8,8
92.25616819497442,max,9,8,8
44.146259798000216,mean,9,8,8
92.25616819497442,max,10,8,8
46.93549738508399,mean,10,8,8
92.25616819497442,max,11,8,8
44.84710739475785,mean,11,8,8
92.25616819497442,max,12,8,8
52.50488704044207,mean,12,8,8
92.25616819497442,max,13,8,8
45.34093391433874,mean,13,8,8
92.25616819497442,max,14,8,8
45.71475082225462,mean,14,8,8
92.25616819497442,max,15,8,8
38.87891202298697,mean,15,8,8
92.25616819497442,max,16,8,8
40.35297516004402,mean,16,8,8
92.25616819497442,max,17,8,8
39.816459062140886,mean,17,8,8
92.25616819497442,max,18,8,8
44.53643887432976,mean,18,8,8
92.41357331188757,max,19,8,8
32.52179553318804,mean,19,8,8
92.41357331188757,max,20,8,8
40.23148821146072,mean,20,8,8
92.70693855665947,max,21,8,8
41.353777304630974,mean,21,8,8
92.70693855665947,max,22,8,8
43.945978032954166,mean,22,8,8
92.70693855665947,max,23,8,8
35.54846049720612,mean,23,8,8
92.70693855665947,max,24,8,8
46.24531896163607,mean,24,8,8
88.58660195700338,max,0,9,8
-0.10075057376467743,mean,0,9,8
88.58660195700338,max,1,9,8
24.00700193059369,mean,1,9,8
90.89982739098296,max,2,9,8
39.11075452685908,mean,2,9,8
91.9901190770195,max,3,9,8
33.380251211548966,mean,3,9,8
91.9901190770195,max,4,9,8
30.373987152087356,mean,4,9,8
91.9901190770195,max,5,9,8
33.650431759469036,mean,5,9,8
91.9901190770195,max,6,9,8
43.610572439923345,mean,6,9,8
91.9901190770195,max,7,9,8
42.745007810086605,mean,7,9,8
91.9901190770195,max,8,9,8
39.93624019965167,mean,8,9,8
92.1009073455395,max,9,9,8
34.1214487057755,mean,9,9,8
92.1009073455395,max,10,9,8
48.72211042676833,mean,10,9,8
92.1009073455395,max,11,9,8
48.00922112558205,mean,11,9,8
92.33237888630939,max,12,9,8
50.15984964430014,mean,12,9,8
92.33237888630939,max,13,9,8
43.89461425782911,mean,13,9,8
92.33237888630939,max,14,9,8
40.50336871773211,mean,14,9,8
92.33237888630939,max,15,9,8
37.82241811994078,mean,15,9,8
92.33237888630939,max,16,9,8
38.66075907267804,mean,16,9,8
92.33237888630939,max,17,9,8
38.572910773963514,mean,17,9,8
92.33237888630939,max,18,9,8
41.33830917460757,mean,18,9,8
92.33237888630939,max,19,9,8
37.17228447220812,mean,19,9,8
92.33237888630939,max,20,9,8
37.42419339323254,mean,20,9,8
92.33237888630939,max,21,9,8
42.499172383439614,mean,21,9,8
92.33237888630939,max,22,9,8
41.63509088886439,mean,22,9,8
92.33237888630939,max,23,9,8
38.94888408744052,mean,23,9,8
92.33237888630939,max,24,9,8
37.53475810483608,mean,24,9,8
